{"cameraMode":{"drawMode":0,"name":"Shaded","section":"Shading Mode"},"sceneLighting":true,"audioPlay":false,"sceneViewState":{"showFog":true,"showMaterialUpdate":false,"showSkybox":true,"showFlares":true,"showImageEffects":true,"showParticleSystems":true},"in2DMode":false,"pivot":{"x":8.096864700317383,"y":-279.71942138671877,"z":201.4677734375},"rotation":{"x":0.3951804041862488,"y":0.05068517476320267,"z":-0.020680075511336328,"w":0.9170816540718079},"size":436.677734375,"orthographic":false}