{"cameraMode":{"drawMode":0,"name":"Shaded","section":"Shading Mode"},"sceneLighting":true,"audioPlay":false,"sceneViewState":{"showFog":true,"showMaterialUpdate":false,"showSkybox":true,"showFlares":true,"showImageEffects":true,"showParticleSystems":true},"in2DMode":false,"pivot":{"x":-16.64750099182129,"y":-145.56849670410157,"z":298.2948913574219},"rotation":{"x":0.23062805831432343,"y":-0.026983438059687616,"z":0.0067848521284759048,"w":0.9727194309234619},"size":358.71392822265627,"orthographic":false}